CREATE TABLE BRAXTS_CFG.PROYECTOS (
	CODIGOP VARCHAR(100),
	DESCRIPCION VARCHAR(100),
	MUNICIPIO VARCHAR(100),
	CLIENTE VARCHAR(100)
);


DROP TABLE BRAXTS_CFG.VISTA_CONDUCTOR;
COMMIT;


CREATE TABLE BRAXTS_CFG.MAQUINAS (
	CODIGOM VARCHAR(100),
	NOMBRE VARCHAR(100),
	PRECIO_HORA NUMBER(6,2)
);


CREATE TABLE BRAXTS_CFG.CONDUCTORES (
	CODIGOC VARCHAR(100),
	NOMBRE VARCHAR(100),
	MUNICIPIO VARCHAR(100),
	CATEGORIA NUMBER(6)
);


CREATE TABLE BRAXTS_CFG.TRABAJOS (
	CODIGC VARCHAR(100),
	CODIGOM VARCHAR(100),
	CODIGOP VARCHAR(100),
	FECHA DATE,
	TIEMPO NUMBER(6)
);

COMMIT;

ROLLBACK;

SET DEFINE OFF

INSERT INTO CONDUCTORES (CODIGOC, NOMBRE, MUNICIPIO, CATEGORIA) 
VALUES ('CODCON1', 'CONDUCTOR1', 'MUN1', 3.0);

INSERT INTO CONDUCTORES (CODIGOC, NOMBRE, MUNICIPIO, CATEGORIA) 
VALUES ('CODCON2', 'CONDUCTOR2', 'MUN2', 4.0);

INSERT INTO CONDUCTORES (CODIGOC, NOMBRE, MUNICIPIO, CATEGORIA) 
VALUES ('CODCON3', 'CONDUCTOR3', 'MUN1', 3.0);

INSERT INTO CONDUCTORES (CODIGOC, NOMBRE, MUNICIPIO, CATEGORIA) 
VALUES ('CODCON4', 'CONDUCTOR4', 'MUN2', 4.0);

INSERT INTO CONDUCTORES (CODIGOC, NOMBRE, MUNICIPIO, CATEGORIA) 
VALUES ('CODCON5', 'CONDUCTOR5', 'MUN3', 1.0);

-- Importar Datos a la Tabla CONDUCTORES del Archivo C:\Users\B44304\Desktop\USUARIO B52030 NO BORRAR\Cosas-Varias\Asignaciones\2020\MARZO\OTROS\CONDUCTORES.xlsx . Tarea correcta enviada a hoja de trabajo.


SET DEFINE OFF

INSERT INTO PROYECTOS (CODIGOP, DESCRIPCION, MUNICIPIO, CLIENTE) 
VALUES ('CODPRO1', 'DES1', 'MUN1', 'Henry Pulido');

INSERT INTO PROYECTOS (CODIGOP, DESCRIPCION, MUNICIPIO, CLIENTE) 
VALUES ('CODPRO2', 'DES2', 'MUN2', 'CLI2');

INSERT INTO PROYECTOS (CODIGOP, DESCRIPCION, MUNICIPIO, CLIENTE) 
VALUES ('CODPRO3', 'DES3', 'MUN3', 'CLI3');

INSERT INTO PROYECTOS (CODIGOP, DESCRIPCION, MUNICIPIO, CLIENTE) 
VALUES ('CODPRO4', 'DES4', 'MUN4', 'CLI4');

INSERT INTO PROYECTOS (CODIGOP, DESCRIPCION, MUNICIPIO, CLIENTE) 
VALUES ('CODPRO5', 'DES5', 'MUN5', 'CLI5');

INSERT INTO PROYECTOS (CODIGOP, DESCRIPCION, MUNICIPIO, CLIENTE) 
VALUES ('CODPRO6', 'DES6', 'MUN6', 'CLI6');
INSERT INTO PROYECTOS (CODIGOP, DESCRIPCION, MUNICIPIO, CLIENTE) 
VALUES ('CODPRO7', 'DES7', 'MUN1', 'Henry Pulido');
INSERT INTO PROYECTOS (CODIGOP, DESCRIPCION, MUNICIPIO, CLIENTE) 
VALUES ('CODPRO8', 'DES8', 'MUN1', 'CLI8');
COMMIT;

-- Importar Datos a la Tabla PROYECTOS del Archivo C:\Users\B44304\Desktop\USUARIO B52030 NO BORRAR\Cosas-Varias\Asignaciones\2020\MARZO\OTROS\PROYECTOS.xlsx . Tarea correcta enviada a hoja de trabajo.



SET DEFINE OFF

INSERT INTO MAQUINAS (CODIGOM, NOMBRE, PRECIO_HORA) 
VALUES ('CODMAQ1', 'MAQUINA1', 10.0);

INSERT INTO MAQUINAS (CODIGOM, NOMBRE, PRECIO_HORA) 
VALUES ('CODMAQ2', 'MAQUINA2', 20.0);

INSERT INTO MAQUINAS (CODIGOM, NOMBRE, PRECIO_HORA) 
VALUES ('CODMAQ3', 'MAQUINA3', 10.0);

INSERT INTO MAQUINAS (CODIGOM, NOMBRE, PRECIO_HORA) 
VALUES ('CODMAQ4', 'MAQUINA4', 30.0);

INSERT INTO MAQUINAS (CODIGOM, NOMBRE, PRECIO_HORA) 
VALUES ('CODMAQ5', 'MAQUINA5', 20.0);

INSERT INTO MAQUINAS (CODIGOM, NOMBRE, PRECIO_HORA) 
VALUES ('CODMAQ6', 'MAQUINA6', 30.0);

COMMIT;

-- Importar Datos a la Tabla MAQUINAS del Archivo C:\Users\B44304\Desktop\USUARIO B52030 NO BORRAR\Cosas-Varias\Asignaciones\2020\MARZO\OTROS\MAQUINAS.xlsx . Tarea correcta enviada a hoja de trabajo.


SET DEFINE OFF

INSERT INTO TRABAJOS (CODIGC, CODIGOM, CODIGOP, FECHA, TIEMPO) 
VALUES ('CODCON1', 'CODMAQ1', 'CODPRO1', to_date('01/01/2020'), 10.0);

INSERT INTO TRABAJOS (CODIGC, CODIGOM, CODIGOP, FECHA, TIEMPO) 
VALUES ('CODCON2', 'CODMAQ1', 'CODPRO4', to_date('01/01/2020'), 20.0);

INSERT INTO TRABAJOS (CODIGC, CODIGOM, CODIGOP, FECHA, TIEMPO) 
VALUES ('CODCON3', 'CODMAQ2', 'CODPRO5', to_date('01/01/2020'), 10.0);

INSERT INTO TRABAJOS (CODIGC, CODIGOM, CODIGOP, FECHA, TIEMPO) 
VALUES ('CODCON4', 'CODMAQ3', 'CODPRO1', to_date('01/01/2020'), 20.0);

INSERT INTO TRABAJOS (CODIGC, CODIGOM, CODIGOP, FECHA, TIEMPO) 
VALUES ('CODCON5', 'CODMAQ4', 'CODPRO1', to_date('01/01/2020'), 10.0);


INSERT INTO TRABAJOS (CODIGC, CODIGOM, CODIGOP, FECHA, TIEMPO) 
VALUES ('CODCON1', 'CODMAQ1', 'CODPRO3', to_date('01/01/2020'), 10.0);

INSERT INTO TRABAJOS (CODIGC, CODIGOM, CODIGOP, FECHA, TIEMPO) 
VALUES ('CODCON2', 'CODMAQ5', 'CODPRO1', to_date('01/01/2020'), 20.0);
INSERT INTO TRABAJOS (CODIGC, CODIGOM, CODIGOP, FECHA, TIEMPO) 
VALUES ('CODCON5', 'CODMAQ4', 'CODPRO2', to_date('01/01/2020'), 100.0);
INSERT INTO TRABAJOS (CODIGC, CODIGOM, CODIGOP, FECHA, TIEMPO) 
VALUES ('CODCON5', 'CODMAQ3', 'CODPRO6', to_date('01/01/2020'), 10.0);

INSERT INTO TRABAJOS (CODIGC, CODIGOM, CODIGOP, FECHA, TIEMPO) 
VALUES ('CODCON5', 'CODMAQ3', 'CODPRO1', to_date('01/01/2020'), 10.0);
INSERT INTO TRABAJOS (CODIGC, CODIGOM, CODIGOP, FECHA, TIEMPO) 
VALUES ('CODCON5', 'CODMAQ2', 'CODPRO7', to_date('01/01/2020'), 20.0);
INSERT INTO TRABAJOS (CODIGC, CODIGOM, CODIGOP, FECHA, TIEMPO) 
VALUES ('CODCON5', 'CODMAQ1', 'CODPRO8', to_date('01/01/2020'), 30.0);
COMMIT;

-- Importar Datos a la Tabla TRABAJOS del Archivo C:\Users\B44304\Desktop\USUARIO B52030 NO BORRAR\Cosas-Varias\Asignaciones\2020\MARZO\OTROS\TRABAJOS.xlsx . Tarea correcta enviada a hoja de trabajo.


COMMIT;

